[
  {"nombre": "Buenos Aires", "provincia": "Buenos Aires", "poblacion": 3050000},
  {"nombre": "Córdoba", "provincia": "Córdoba", "poblacion": 1390000},
  {"nombre": "Rosario", "provincia": "Santa Fe", "poblacion": 1210000},
  {"nombre": "Mendoza", "provincia": "Mendoza", "poblacion": 937000},
  {"nombre": "La Plata", "provincia": "Buenos Aires", "poblacion": 765000},
  {"nombre": "San Miguel de Tucumán", "provincia": "Tucumán", "poblacion": 800000},
  {"nombre": "Mar del Plata", "provincia": "Buenos Aires", "poblacion": 680000},
  {"nombre": "Salta", "provincia": "Salta", "poblacion": 630000},
  {"nombre": "Santa Fe", "provincia": "Santa Fe", "poblacion": 530000},
  {"nombre": "San Juan", "provincia": "San Juan", "poblacion": 470000},

  {"nombre": "Resistencia", "provincia": "Chaco", "poblacion": 370000},
  {"nombre": "Santiago del Estero", "provincia": "Santiago del Estero", "poblacion": 320000},
  {"nombre": "Corrientes", "provincia": "Corrientes", "poblacion": 360000},
  {"nombre": "Posadas", "provincia": "Misiones", "poblacion": 360000},
  {"nombre": "Neuquén", "provincia": "Neuquén", "poblacion": 300000},
  {"nombre": "Paraná", "provincia": "Entre Ríos", "poblacion": 270000},
  {"nombre": "Formosa", "provincia": "Formosa", "poblacion": 250000},
  {"nombre": "San Salvador de Jujuy", "provincia": "Jujuy", "poblacion": 300000},
  {"nombre": "Bahía Blanca", "provincia": "Buenos Aires", "poblacion": 290000},
  {"nombre": "San Fernando del Valle de Catamarca", "provincia": "Catamarca", "poblacion": 200000},

  {"nombre": "Río Cuarto", "provincia": "Córdoba", "poblacion": 160000},
  {"nombre": "Concordia", "provincia": "Entre Ríos", "poblacion": 150000},
  {"nombre": "Comodoro Rivadavia", "provincia": "Chubut", "poblacion": 180000},
  {"nombre": "San Nicolás", "provincia": "Buenos Aires", "poblacion": 130000},
  {"nombre": "San Rafael", "provincia": "Mendoza", "poblacion": 120000},
  {"nombre": "Villa María", "provincia": "Córdoba", "poblacion": 120000},
  {"nombre": "Trelew", "provincia": "Chubut", "poblacion": 115000},
  {"nombre": "San Carlos de Bariloche", "provincia": "Río Negro", "poblacion": 115000},
  {"nombre": "Puerto Madryn", "provincia": "Chubut", "poblacion": 105000},
  {"nombre": "Florencio Varela", "provincia": "Buenos Aires", "poblacion": 250000},

  {"nombre": "Lanús", "provincia": "Buenos Aires", "poblacion": 210000},
  {"nombre": "Quilmes", "provincia": "Buenos Aires", "poblacion": 230000},
  {"nombre": "Avellaneda", "provincia": "Buenos Aires", "poblacion": 200000},
  {"nombre": "Merlo", "provincia": "Buenos Aires", "poblacion": 520000},
  {"nombre": "Morón", "provincia": "Buenos Aires", "poblacion": 320000},
  {"nombre": "José C. Paz", "provincia": "Buenos Aires", "poblacion": 270000},
  {"nombre": "San Isidro", "provincia": "Buenos Aires", "poblacion": 310000},
  {"nombre": "Lomas de Zamora", "provincia": "Buenos Aires", "poblacion": 350000},
  {"nombre": "Tandil", "provincia": "Buenos Aires", "poblacion": 130000},
  {"nombre": "Pergamino", "provincia": "Buenos Aires", "poblacion": 105000},

  {"nombre": "Villa Mercedes", "provincia": "San Luis", "poblacion": 110000},
  {"nombre": "San Luis", "provincia": "San Luis", "poblacion": 180000},
  {"nombre": "Goya", "provincia": "Corrientes", "poblacion": 95000},
  {"nombre": "Reconquista", "provincia": "Santa Fe", "poblacion": 85000},
  {"nombre": "Rafaela", "provincia": "Santa Fe", "poblacion": 100000},
  {"nombre": "Esperanza", "provincia": "Santa Fe", "poblacion": 50000},
  {"nombre": "Ushuaia", "provincia": "Tierra del Fuego", "poblacion": 80000},
  {"nombre": "Río Gallegos", "provincia": "Santa Cruz", "poblacion": 100000},
  {"nombre": "La Rioja", "provincia": "La Rioja", "poblacion": 200000},
  {"nombre": "Chivilcoy", "provincia": "Buenos Aires", "poblacion": 65000},

  {"nombre": "Junín", "provincia": "Buenos Aires", "poblacion": 100000},
  {"nombre": "Olavarría", "provincia": "Buenos Aires", "poblacion": 110000},
  {"nombre": "Zárate", "provincia": "Buenos Aires", "poblacion": 95000},
  {"nombre": "Venado Tuerto", "provincia": "Santa Fe", "poblacion": 95000},
  {"nombre": "Villa Ángela", "provincia": "Chaco", "poblacion": 50000},
  {"nombre": "Cutral Có", "provincia": "Neuquén", "poblacion": 50000},
  {"nombre": "Caleta Olivia", "provincia": "Santa Cruz", "poblacion": 70000},
  {"nombre": "General Pico", "provincia": "La Pampa", "poblacion": 60000},
  {"nombre": "Chilecito", "provincia": "La Rioja", "poblacion": 45000},
  {"nombre": "Viedma", "provincia": "Río Negro", "poblacion": 60000}
]