[
  {"nombre": "Juan", "apellido": "Gómez", "edad": 34},
  {"nombre": "María", "apellido": "Fernández", "edad": 28},
  {"nombre": "Lucía", "apellido": "Rodríguez", "edad": 25},
  {"nombre": "Mateo", "apellido": "Pérez", "edad": 31},
  {"nombre": "Sofía", "apellido": "López", "edad": 29},
  {"nombre": "Benjamín", "apellido": "Martínez", "edad": 36},
  {"nombre": "Valentina", "apellido": "González", "edad": 22},
  {"nombre": "Santiago", "apellido": "Romero", "edad": 33},
  {"nombre": "Camila", "apellido": "Sosa", "edad": 30},
  {"nombre": "Tomás", "apellido": "Díaz", "edad": 35},
  {"nombre": "Florencia", "apellido": "Alvarez", "edad": 27},
  {"nombre": "Lautaro", "apellido": "Ruiz", "edad": 32},
  {"nombre": "Julieta", "apellido": "Silva", "edad": 24},
  {"nombre": "Agustín", "apellido": "Torres", "edad": 29},
  {"nombre": "Martina", "apellido": "Acosta", "edad": 23},
  {"nombre": "Bruno", "apellido": "Méndez", "edad": 31},
  {"nombre": "Antonella", "apellido": "Castro", "edad": 26},
  {"nombre": "Franco", "apellido": "Ortiz", "edad": 34},
  {"nombre": "Milagros", "apellido": "Ramos", "edad": 28},
  {"nombre": "Facundo", "apellido": "Vega", "edad": 30},
  {"nombre": "Micaela", "apellido": "Herrera", "edad": 25},
  {"nombre": "Nicolás", "apellido": "Jiménez", "edad": 33},
  {"nombre": "Lara", "apellido": "Morales", "edad": 21},
  {"nombre": "Joaquín", "apellido": "Flores", "edad": 37},
  {"nombre": "Emilia", "apellido": "Gutiérrez", "edad": 29},
  {"nombre": "Iván", "apellido": "Carrizo", "edad": 35},
  {"nombre": "Candelaria", "apellido": "Peralta", "edad": 24},
  {"nombre": "Ramiro", "apellido": "Molina", "edad": 32},
  {"nombre": "Josefina", "apellido": "Ponce", "edad": 27},
  {"nombre": "Lucas", "apellido": "Campos", "edad": 31},
  {"nombre": "Abril", "apellido": "Ferreyra", "edad": 22},
  {"nombre": "Thiago", "apellido": "Arias", "edad": 30},
  {"nombre": "Bianca", "apellido": "Luna", "edad": 26},
  {"nombre": "Gaspar", "apellido": "Barrios", "edad": 28},
  {"nombre": "Renata", "apellido": "Navarro", "edad": 25},
  {"nombre": "Dante", "apellido": "Miranda", "edad": 33},
  {"nombre": "Alma", "apellido": "Ibarra", "edad": 23},
  {"nombre": "Federico", "apellido": "Rivas", "edad": 36},
  {"nombre": "Isabella", "apellido": "Figueroa", "edad": 24},
  {"nombre": "Leandro", "apellido": "Salas", "edad": 32},
  {"nombre": "Malena", "apellido": "Ojeda", "edad": 27},
  {"nombre": "Gonzalo", "apellido": "Montenegro", "edad": 34},
  {"nombre": "Agustina", "apellido": "Esquivel", "edad": 28},
  {"nombre": "Nahuel", "apellido": "Correa", "edad": 31},
  {"nombre": "Ailén", "apellido": "Medina", "edad": 26},
  {"nombre": "Simón", "apellido": "Delgado", "edad": 30},
  {"nombre": "Martina", "apellido": "Maldonado", "edad": 25},
  {"nombre": "Esteban", "apellido": "Lemos", "edad": 33},
  {"nombre": "Victoria", "apellido": "Cáceres", "edad": 24},
  {"nombre": "Alejo", "apellido": "Paredes", "edad": 29},
  {"nombre": "Juliana", "apellido": "Cabrera", "edad": 22},
  {"nombre": "Ivana", "apellido": "Sánchez", "edad": 27},
  {"nombre": "Máximo", "apellido": "Moyano", "edad": 30},
  {"nombre": "Rocío", "apellido": "Palacios", "edad": 26},
  {"nombre": "Alan", "apellido": "Del Valle", "edad": 35},
  {"nombre": "Luz", "apellido": "Quiroga", "edad": 21},
  {"nombre": "Ramón", "apellido": "Lagos", "edad": 38},
  {"nombre": "Selena", "apellido": "Bravo", "edad": 23},
  {"nombre": "Cristian", "apellido": "Farias", "edad": 34}
]
